{
  "greedy": {
    "bleu1": 0.5988749999999251,
    "bleu2": 0.40432637367652935,
    "bleu3": 0.2619758636034836,
    "bleu4": 0.16763162681426516,
    "cider": 0.4145012639019357,
    "rouge_l": 0.4162689834534757
  },
  "beam": {
    "bleu1": 0.6236214413951495,
    "bleu2": 0.42653704788434815,
    "bleu3": 0.28614267336880567,
    "bleu4": 0.19031734735156755,
    "cider": 0.4516326152211984,
    "rouge_l": 0.42275669859582193
  },
  "best_val": {
    "bleu1": 0.6208216381729241,
    "bleu2": 0.42817862832603276,
    "bleu3": 0.28825969595625,
    "bleu4": 0.1923999357430982,
    "cider": 0.48818993920569553,
    "rouge_l": 0.4234896506040604
  },
  "grpo_greedy": {
    "bleu1": 0.6096863166580229,
    "bleu2": 0.4131541572785653,
    "bleu3": 0.26822737297289234,
    "bleu4": 0.16781382686730897,
    "cider": 0.4107618412419279,
    "rouge_l": 0.42343152040011717
  },
  "grpo_beam": {
    "bleu1": 0.6216141944607874,
    "bleu2": 0.42535240225620435,
    "bleu3": 0.2843756431012542,
    "bleu4": 0.18476217790201094,
    "cider": 0.42663239813242704,
    "rouge_l": 0.43569157489783655
  },
  "grpo_best_val": {
    "bleu1": 0.6111633696012659,
    "bleu2": 0.42149309596251233,
    "bleu3": 0.27835081189571853,
    "bleu4": 0.1742368127489581,
    "cider": 0.4220000835748705,
    "rouge_l": 0.4307245580864804
  }
}