{
  "greedy": {
    "bleu1": 0.646858256210345,
    "bleu2": 0.4516604178947464,
    "bleu3": 0.30668989388785545,
    "bleu4": 0.20439533650933026,
    "cider": 0.5907419243224051,
    "rouge_l": 0.4509653381108767
  },
  "beam": {
    "bleu1": 0.6768973930909622,
    "bleu2": 0.47709699876802436,
    "bleu3": 0.32985218117883053,
    "bleu4": 0.22434820615440357,
    "cider": 0.612402900607202,
    "rouge_l": 0.46045894645369423
  },
  "best_val": {
    "bleu1": 0.6723605625227221,
    "bleu2": 0.47584912406867486,
    "bleu3": 0.32539801520648376,
    "bleu4": 0.21957988211188148,
    "cider": 0.6094589369574819,
    "rouge_l": 0.45555669682876193
  },
  "grpo_greedy": {
    "bleu1": 0.6830594020964561,
    "bleu2": 0.4691599598285043,
    "bleu3": 0.3149880002052005,
    "bleu4": 0.2149068078154022,
    "cider": 0.5807393226689656,
    "rouge_l": 0.45776597151095255
  },
  "grpo_beam": {
    "bleu1": 0.6844723749671793,
    "bleu2": 0.4687633707064194,
    "bleu3": 0.3137988705230353,
    "bleu4": 0.21372256281224244,
    "cider": 0.5762304465477799,
    "rouge_l": 0.4570967283692086
  },
  "grpo_best_val": {
    "bleu1": 0.6711019304788779,
    "bleu2": 0.45759373135631043,
    "bleu3": 0.3005425356341381,
    "bleu4": 0.19657354518265047,
    "cider": 0.5488878090068278,
    "rouge_l": 0.44948185068378865
  }
}