{
  "greedy": {
    "bleu1": 0.597358121330651,
    "bleu2": 0.3930016724936119,
    "bleu3": 0.2564335601107592,
    "bleu4": 0.1651661110440763,
    "cider": 0.41029507823839767,
    "rouge_l": 0.4158075882899566
  },
  "beam": {
    "bleu1": 0.6316262353997392,
    "bleu2": 0.42874718435047293,
    "bleu3": 0.28981416581198693,
    "bleu4": 0.1932826517051611,
    "cider": 0.46856756382894804,
    "rouge_l": 0.43062403192483295
  },
  "best_val": {
    "bleu1": 0.6213492815665734,
    "bleu2": 0.42476869154641805,
    "bleu3": 0.28793149433759746,
    "bleu4": 0.19106838235996024,
    "cider": 0.5014874291457424,
    "rouge_l": 0.4272286548862608
  },
  "grpo_greedy": {
    "bleu1": 0.6468064080128593,
    "bleu2": 0.4289322370532891,
    "bleu3": 0.2812742327079117,
    "bleu4": 0.18858192705524088,
    "cider": 0.4604148291896895,
    "rouge_l": 0.43259535082251593
  },
  "grpo_beam": {
    "bleu1": 0.6524042919591134,
    "bleu2": 0.4328050394235389,
    "bleu3": 0.28339397575054076,
    "bleu4": 0.19004274291021347,
    "cider": 0.4532352145832729,
    "rouge_l": 0.4337485244838538
  },
  "grpo_best_val": {
    "bleu1": 0.6377194016388684,
    "bleu2": 0.42046229114019285,
    "bleu3": 0.2687612944209769,
    "bleu4": 0.1726249946281495,
    "cider": 0.42885394163335216,
    "rouge_l": 0.4277146155917512
  }
}