{
  "greedy": {
    "bleu1": 0.6018448319433154,
    "bleu2": 0.4021502013546056,
    "bleu3": 0.2631735758221647,
    "bleu4": 0.17097894824402593,
    "cider": 0.41582836156545117,
    "rouge_l": 0.41440115589084964
  },
  "beam": {
    "bleu1": 0.631337010769552,
    "bleu2": 0.43169903787416586,
    "bleu3": 0.2907147590341379,
    "bleu4": 0.1943843879784841,
    "cider": 0.45047247984306776,
    "rouge_l": 0.42140088448578367
  },
  "best_val": {
    "bleu1": 0.6160078845421362,
    "bleu2": 0.42446718261270794,
    "bleu3": 0.2860656828480771,
    "bleu4": 0.1904137122453158,
    "cider": 0.46661335583795244,
    "rouge_l": 0.4180629296179733
  },
  "grpo_greedy": {
    "bleu1": 0.6126783014327141,
    "bleu2": 0.4187830006614136,
    "bleu3": 0.2733611600214279,
    "bleu4": 0.17193201141393002,
    "cider": 0.40835514054540606,
    "rouge_l": 0.4247545148232182
  },
  "grpo_beam": {
    "bleu1": 0.6270170958875342,
    "bleu2": 0.4318993537902213,
    "bleu3": 0.2886348646773736,
    "bleu4": 0.1860194537323446,
    "cider": 0.4207254341718727,
    "rouge_l": 0.43458705551010945
  },
  "grpo_best_val": {
    "bleu1": 0.610089238074664,
    "bleu2": 0.41926083773024053,
    "bleu3": 0.27507350311697243,
    "bleu4": 0.17351920755865308,
    "cider": 0.4117070169545049,
    "rouge_l": 0.42794243510616675
  }
}