{
  "greedy": {
    "bleu1": 0.5892390085937739,
    "bleu2": 0.39063368945714694,
    "bleu3": 0.2522608000728364,
    "bleu4": 0.1633841150227214,
    "cider": 0.4013459188818902,
    "rouge_l": 0.406940977171891
  },
  "beam": {
    "bleu1": 0.6218293620291286,
    "bleu2": 0.42588917988960634,
    "bleu3": 0.28990362104654843,
    "bleu4": 0.19803932419931772,
    "cider": 0.45851158139534776,
    "rouge_l": 0.4268897085295016
  },
  "best_val": {
    "bleu1": 0.6235968884863322,
    "bleu2": 0.43298373718862426,
    "bleu3": 0.2926422180535675,
    "bleu4": 0.1947118797194055,
    "cider": 0.4776624825374505,
    "rouge_l": 0.4238407513713963
  },
  "grpo_greedy": {
    "bleu1": 0.6063472311074183,
    "bleu2": 0.41480795139869653,
    "bleu3": 0.27065514816552244,
    "bleu4": 0.17413542150780087,
    "cider": 0.41914830806914277,
    "rouge_l": 0.4226604957238932
  },
  "grpo_beam": {
    "bleu1": 0.626452938253833,
    "bleu2": 0.4336892534978547,
    "bleu3": 0.29214756673154174,
    "bleu4": 0.19435464773529187,
    "cider": 0.4481745185991124,
    "rouge_l": 0.4360758150168922
  },
  "grpo_best_val": {
    "bleu1": 0.6217531290524981,
    "bleu2": 0.43326054251869695,
    "bleu3": 0.28435966031451904,
    "bleu4": 0.1789636131136746,
    "cider": 0.4526642629748119,
    "rouge_l": 0.4338277710040679
  }
}