{
  "greedy": {
    "bleu1": 0.5908376646923014,
    "bleu2": 0.39771862700597127,
    "bleu3": 0.2575928552473802,
    "bleu4": 0.1675265404290724,
    "cider": 0.43148507216031445,
    "rouge_l": 0.4119531670363714
  },
  "beam": {
    "bleu1": 0.6194532739986498,
    "bleu2": 0.424950738250203,
    "bleu3": 0.2862870283909121,
    "bleu4": 0.1933894214203726,
    "cider": 0.471715699460223,
    "rouge_l": 0.41983640868739946
  },
  "best_val": {
    "bleu1": 0.6139244126577994,
    "bleu2": 0.42839350902271184,
    "bleu3": 0.2916621310353409,
    "bleu4": 0.19579875671548513,
    "cider": 0.5137163566920222,
    "rouge_l": 0.4237298193075415
  },
  "grpo_greedy": {
    "bleu1": 0.608588158750734,
    "bleu2": 0.42478552834576333,
    "bleu3": 0.2833781934089621,
    "bleu4": 0.18579948434391425,
    "cider": 0.4415172363015068,
    "rouge_l": 0.4315042505445303
  },
  "grpo_beam": {
    "bleu1": 0.6437872486378771,
    "bleu2": 0.4532341146706749,
    "bleu3": 0.3093741624743838,
    "bleu4": 0.20898784237159185,
    "cider": 0.4679208099718911,
    "rouge_l": 0.44548355589923927
  },
  "grpo_best_val": {
    "bleu1": 0.6272317326703744,
    "bleu2": 0.4432474372932068,
    "bleu3": 0.2984940315183683,
    "bleu4": 0.19241478063693981,
    "cider": 0.47400826413494945,
    "rouge_l": 0.44060172250725743
  }
}