{
  "greedy": {
    "bleu1": 0.5934661957617818,
    "bleu2": 0.4030770289025149,
    "bleu3": 0.2630207347099958,
    "bleu4": 0.16866442208417085,
    "cider": 0.4349134238551494,
    "rouge_l": 0.4171716718328138
  },
  "beam": {
    "bleu1": 0.6341078946359922,
    "bleu2": 0.44007477756691177,
    "bleu3": 0.29910095980310547,
    "bleu4": 0.20450434492561484,
    "cider": 0.48082350387102035,
    "rouge_l": 0.4290153848757797
  },
  "best_val": {
    "bleu1": 0.6228476753289053,
    "bleu2": 0.43701571890785623,
    "bleu3": 0.2968709858100824,
    "bleu4": 0.20000934224622433,
    "cider": 0.49319006867530385,
    "rouge_l": 0.42260258992850025
  },
  "grpo_greedy": {
    "bleu1": 0.5972477064218616,
    "bleu2": 0.4188755354747856,
    "bleu3": 0.2739041468874927,
    "bleu4": 0.17206981802497298,
    "cider": 0.42531381952357183,
    "rouge_l": 0.4220072010295252
  },
  "grpo_beam": {
    "bleu1": 0.6305270880553233,
    "bleu2": 0.4435551667741887,
    "bleu3": 0.2991599332638769,
    "bleu4": 0.19768347277180642,
    "cider": 0.4626013596214364,
    "rouge_l": 0.44054380368541124
  },
  "grpo_best_val": {
    "bleu1": 0.6245649210726826,
    "bleu2": 0.43996067256284216,
    "bleu3": 0.2936706202910176,
    "bleu4": 0.18807767385343518,
    "cider": 0.4658279448214191,
    "rouge_l": 0.4361773565483893
  }
}