{
  "greedy": {
    "bleu1": 0.5118839847076764,
    "bleu2": 0.2973941901216688,
    "bleu3": 0.16967446834756486,
    "bleu4": 0.10023682693505441,
    "cider": 0.16508435296563653,
    "rouge_l": 0.3514411896599814
  },
  "beam": {
    "bleu1": 0.5226420538833351,
    "bleu2": 0.2979680824295141,
    "bleu3": 0.18555034066278694,
    "bleu4": 0.12282972461524648,
    "cider": 0.19769802487262988,
    "rouge_l": 0.35400036939504825
  },
  "best_val": {
    "bleu1": 0.5092617603651892,
    "bleu2": 0.29558521906692725,
    "bleu3": 0.1848379646001437,
    "bleu4": 0.11930729667482584,
    "cider": 0.18765801642113805,
    "rouge_l": 0.35211275532263586
  },
  "grpo_greedy": {
    "bleu1": 0.5334951203412445,
    "bleu2": 0.30740634018267293,
    "bleu3": 0.16655282448001482,
    "bleu4": 0.09329490881127461,
    "cider": 0.15396312994786446,
    "rouge_l": 0.36161146804037386
  },
  "grpo_beam": {
    "bleu1": 0.5387871381781346,
    "bleu2": 0.31633164684374326,
    "bleu3": 0.17636911351624493,
    "bleu4": 0.0992808056332318,
    "cider": 0.15649997863012807,
    "rouge_l": 0.3705507007032204
  },
  "grpo_best_val": {
    "bleu1": 0.5297216683006591,
    "bleu2": 0.3104034900582646,
    "bleu3": 0.17072685823310765,
    "bleu4": 0.09027935674937923,
    "cider": 0.15085924873694814,
    "rouge_l": 0.3723217285770375
  }
}