{
  "greedy": {
    "bleu1": 0.6107324327673056,
    "bleu2": 0.40822405756658664,
    "bleu3": 0.26611969635099714,
    "bleu4": 0.17284347189667018,
    "cider": 0.4344904435252843,
    "rouge_l": 0.4222551956754486
  },
  "beam": {
    "bleu1": 0.6420026007801506,
    "bleu2": 0.4404630590058153,
    "bleu3": 0.30295251867877804,
    "bleu4": 0.20808522154521905,
    "cider": 0.48081085364622267,
    "rouge_l": 0.4387412331062236
  },
  "best_val": {
    "bleu1": 0.6291296155348672,
    "bleu2": 0.43390924340616494,
    "bleu3": 0.29370215719362847,
    "bleu4": 0.19800774812604172,
    "cider": 0.4764601203389663,
    "rouge_l": 0.43120869630573166
  },
  "grpo_greedy": {
    "bleu1": 0.6456512972172811,
    "bleu2": 0.42327270647250465,
    "bleu3": 0.27599885600713514,
    "bleu4": 0.1823069167781663,
    "cider": 0.40149284951037634,
    "rouge_l": 0.42646618632351124
  },
  "grpo_beam": {
    "bleu1": 0.6439125540516711,
    "bleu2": 0.4204630857964601,
    "bleu3": 0.27356539428474974,
    "bleu4": 0.18126128802514338,
    "cider": 0.3895398374873669,
    "rouge_l": 0.4260368723575258
  },
  "grpo_best_val": {
    "bleu1": 0.6291341931447745,
    "bleu2": 0.4087625063692115,
    "bleu3": 0.25894344779180317,
    "bleu4": 0.16459550195719436,
    "cider": 0.36363849034898216,
    "rouge_l": 0.41761645590804425
  }
}